id;name_service;company_name;phone;email;plans_all_floors_ventilation_plans;energy_simulation_report;windows_technical_sheet_and_u_factor;complete_wall_section;brand_model_ventilation_devices;brand_model_veaters;brand_model_hot_water_tanks;brand_model_heat_pump_air_conditioning_units;type_lighting;quantity_each_model_and_dlc_product_id;checks_provide_technical_data_sheets;brand_model_plumbing_fixtures;other_relevant_devices_certification;heat_recovery_gray_water_solar_other
1;euh fabriquer selon;lectorat;+33 610112010;Daphne.Gaillard56@yahoo.fr;true;false;false;true;false;false;true;true;false;true;true;false;true;false
2;également ici;avant;0607875962;Edmond.Bernard@gmail.com;false;true;true;false;false;false;true;true;false;true;false;true;true;false
3;naguère;désormais;+33 732796467;Odile_Gonzalez23@gmail.com;true;true;false;false;true;true;false;false;false;true;false;false;false;true
4;à cause de nonobstant;demeurer boum de façon à ce que;0165172129;Arsenie_Renault@hotmail.fr;false;true;true;false;true;true;true;true;true;true;true;false;true;true
5;hôte;dehors toc lorsque;+33 215615518;Rejean.Jean66@yahoo.fr;true;true;false;true;false;false;false;true;true;false;false;false;false;false
6;rejoindre de manière à ce que à l'égard de;aigre mature;0639459874;Camille_Brun52@hotmail.fr;false;true;true;true;false;true;false;false;true;false;false;false;false;true
7;areu areu préparer diriger;hystérique;0248806172;Rachel.Masson64@gmail.com;false;true;true;false;true;false;true;false;true;false;true;true;false;true
8;à côté de collègue;triste bientôt toc;+33 127976967;Philibert50@hotmail.fr;true;true;false;false;true;true;true;true;true;false;true;true;true;true
9;pour que;de sorte que;0750069027;Marc76@hotmail.fr;true;false;false;true;true;true;true;true;true;false;false;true;false;false
10;veiller;adopter tic-tac où;+33 596466800;Marie.Simon@hotmail.fr;true;true;false;false;false;true;true;true;true;false;false;true;true;true
